units/world/architecture/secret_stash/props/secret_stash_props_trash_3
units/world/architecture/secret_stash/props/secret_stash_props_trash_2
units/pd2_dlc_bph/props/bph_prop_bloodsplatter/bph_prop_blood_handprint_01
units/pd2_dlc_holly/mansion/vegetation/lxa_vegetation_bush_small/lxa_vegetation_bush_small_a
units/pd2_dlc_bph/props/bph_prop_bloodsplatter/bph_prop_blood_handprint_11
units/pd2_dlc_bph/props/bph_prop_bloodsplatter/bph_prop_blood_handprint_02
units/pd2_dlc_peta/terrain/pta_2_grass_tufts_mix_medium
units/world/architecture/secret_stash/props/secret_stash_props_trash_7
units/world/props/nick/nick_speedrun
units/pd2_dlc_peta/terrain/pta_2_grass_tufts_green_medium
units/world/architecture/secret_stash/props/secret_stash_props_trash_6
units/pd2_dlc_peta/terrain/pta_2_grass_tufts_brown_medium
units/world/architecture/secret_stash/props/secret_stash_props_trash_4
units/pd2_dlc_jerry/terrain/jry_rock_03
units/world/architecture/secret_stash/props/secret_stash_props_trash_5
units/world/architecture/secret_stash/props/secret_stash_props_trash_1
units/pd2_dlc_bph/props/bph_prop_bloodsplatter/bph_prop_blood_handprint_08
units/pd2_dlc_bph/props/bph_prop_bloodsplatter/bph_prop_blood_handprint_06
units/pd2_dlc_bph/props/bph_prop_bloodsplatter/bph_prop_blood_handprint_05
units/pd2_dlc_spa/brushes/graffiti/spa_props_graffiti_brush_fife_01
units/payday2/nature/pnau/pnau_brush/pnau_brush_shroom/pnau_brush_shroom_02
units/world/brushes/litter/litter_bin
units/payday2/nature/pnau/pnau_brush/pnau_brush_rock/pnau_brush_rock_01_f
units/pd2_dlc_mad/nature/mad_foliage/mad_veg_winter_bush/mad_veg_winter_bush_brush_03
units/world/brushes/desk_pencil/desk_pencil
units/world/vegetation/forest/zones/forest/brushes/fst_brush_grass_03/fst_brush_grass_03
units/world/brushes/container_logos/logo_03
units/world/brushes/postits/post_its_02
units/world/brushes/bridge_small_debris/brush_metalbar4
units/world/architecture/secret_stash/brushes/secret_stash_brush_rubble_13
units/world/brushes/trash/trash_brush_03
units/world/vegetation/forest/zones/forest/brushes/fst_brush_mushrooms_05/fst_brush_mushrooms_05
units/pd2_dlc_dinner/brushes/din_blood/din_blood_03
units/payday2/brushes/lxa/lxa_brush_grass_tuft/lxa_brush_grass_tuft_d
units/world/vegetation/forest/vegetation/vegetation_brush_grass_3_flat/vegetation_brush_grass_3_flat
units/world/brushes/tags/brush_tags_1x2_01
units/world/vegetation/forest/vegetation/vegetation_brush_grass_5d/vegetation_brush_grass_5d
units/pd2_dlc_mad/nature/mad_foliage/mad_veg_winter_bush/mad_veg_winter_bush_brush_04
units/payday2/nature/pnau/pnau_brush/pnau_brush_grass/pnau_brush_grass_5c
units/world/brushes/100_dollar_bill/100_dollar_bill_02
units/world/brushes/tags/brush_tags_3x1_5_01
units/world/brushes/tags/brush_tags_fat_panda
units/world/brushes/container_logos/logo_02
units/world/vegetation/brushes/train/tra_brush_garbage/tra_brush_garabage_crumblednewspaper
units/payday2/brushes/shoe_marks/shoe_marks_03
units/world/vegetation/brushes/train/tra_brush_garbage/tra_brush_garabage_candywrapping
units/world/vegetation/jungle/brushes/brush_tallgrass_dying
units/pd2_dlc1/vegetation/str_veg_grass_reed/str_brush_grass_reed_01_a 
units/world/brushes/street_texts/ghostsign_06
units/world/brushes/trash/trash_brush_02
units/world/brushes/litter/litter_1
units/world/brushes/postits/post_its_01
units/world/props/diamond_heist/party/confetti_brush_2
units/payday2/brushes/shoe_marks/shoe_marks_01
units/world/brushes/tags/brush_tags_3x1_5_02
units/world/brushes/bridge_small_debris/brush_metalbar5
units/payday2/nature/pnau/pnau_brush/pnau_brush_rock/pnau_brush_rock_01_e
units/world/brushes/brush_guts/brush_guts_1
units/world/architecture/secret_stash/brushes/secret_stash_brush_rubble_3
units/pd2_dlc1/vegetation/str_veg_grass_reed/str_brush_grass_reed_02_a
units/world/brushes/concrete_debris/concrete_debris_small
units/pd2_dlc_mad/nature/mad_foliage/mad_veg_winter_bush/mad_veg_winter_bush_brush_05
units/world/brushes/street_texts/ghostsign_02
units/world/brushes/container_logos/logo_05
units/world/brushes/tags/brush_tags_1x2_02
units/payday2/brushes/flower_calendula_officinalis/flower_calendula_officinalis
units/world/brushes/street_texts/ghostsign_07
units/world/vegetation/forest/zones/forest/brushes/fst_brush_grass_01/fst_brush_grass_01
units/world/vegetation/jungle/brushes/brush_grass_02_far
units/world/vegetation/forest/vegetation/vegetation_brush_grass_5c/vegetation_brush_grass_5c
units/world/props/moneyprinter/money_brush3
units/world/brushes/bridge_small_debris/brush_asphalt3
units/world/vegetation/forest/zones/forest/brushes/fst_brush_flower_07/fst_brush_flower_07
units/world/brushes/cocaine/cokeplane_big
units/world/architecture/secret_stash/brushes/secret_stash_brush_rubble_12
units/world/brushes/100_dollar_bill/100_dollar_bill_03
units/world/brushes/grafitti/grafitti_tag_1
units/payday2/brushes/str_brush_trash/str_brush_trash_01
units/world/brushes/soot/soot_3
units/world/vegetation/forest/zones/forest/brushes/fst_brush_fern_01/fst_brush_fern_01
units/payday2/nature/pnau/pnau_brush/pnau_brush_rock/pnau_brush_rock_01_d
units/world/vegetation/forest/vegetation/vegetation_brush_grass_1_small/vegetation_brush_grass_1_small
units/world/vegetation/jungle/brushes/brush_tallgrass_big
units/payday2/brushes/bushes/bush_03_small
units/world/brushes/bank_papers/bank_papers_3
units/world/architecture/secret_stash/brushes/secret_stash_brush_rubble_15
units/pd2_dlc_spa/brushes/graffiti/spa_props_graffiti_brush_e_02
units/world/brushes/street_texts/ghostsign_03
units/world/vegetation/forest/vegetation/vegetation_brush_grass_1/vegetation_brush_grass_1
units/pd2_dlc_spa/brushes/graffiti/spa_props_graffiti_brush_e_01
units/payday2/brushes/str_brush_trash/str_brush_trash_03
units/world/brushes/litter/litter_notes
units/world/vegetation/forest/vegetation/vegetation_brush_grass_5b/vegetation_brush_grass_5b
units/world/architecture/secret_stash/brushes/secret_stash_brush_rubble_4
units/payday2/nature/pnau/pnau_brush/pnau_brush_grass/pnau_brush_grass_1_small
units/world/brushes/grafitti/grafitti_tag_6
units/payday2/brushes/ind_brush_concrete_debris/ind_brush_concrete_debris_b
units/world/brushes/grass/grass_2x2
units/pd2_dlc_spa/brushes/graffiti/spa_props_graffiti_brush_aeyrs_big
units/pd2_dlc_mad/nature/mad_foliage/mad_veg_winter_bush/mad_veg_winter_bush_brush_06
units/payday2/brushes/str_brush_trash/str_brush_trash_02
units/world/brushes/skidmark/skidmark_curve
units/world/brushes/soot/soot_2
units/world/vegetation/jungle/brushes/brush_tallgrass_lp_small
units/world/props/moneyprinter/money_brush6
units/world/brushes/grafitti/brush_poster_06
units/world/brushes/bank_papers/bank_papers_1
units/world/architecture/secret_stash/brushes/secret_stash_brush_rubble_14
units/payday2/nature/pnau/pnau_brush/pnau_brush_grass/pnau_brush_grass_1
units/world/brushes/bridge_small_debris/brush_plate1
units/world/brushes/bridge_small_debris/brush_tire4
units/pd2_dlc_spa/brushes/graffiti/spa_props_graffiti_brush_ansfer_02
units/world/vegetation/jungle/brushes/brush_grass_dry_01
units/pd2_dlc_dinner/brushes/din_blood/din_blood_01
units/world/architecture/secret_stash/brushes/secret_stash_brush_rubble_5
units/payday2/brushes/ind_brush_concrete_debris/ind_brush_concrete_debris
units/world/vegetation/forest/vegetation/vegetation_brush_grass_5a/vegetation_brush_grass_5a
units/payday2/brushes/bushes/bush_03_medium
units/world/brushes/grafitti/grafitti_tag_7
units/payday2/nature/pnau/pnau_brush/pnau_brush_ganja/pnau_brush_ganja_01_a
units/payday2/brushes/ind_brush_concrete_debris/ind_brush_concrete_debris_a
units/world/vegetation/forest/zones/forest/brushes/fst_brush_bush_01/fst_brush_bush_01
units/world/brushes/tags/brush_tags_2x1_02
units/payday2/nature/pnau/pnau_brush/pnau_brush_rock/pnau_brush_rock_01_b
units/world/brushes/trash/trash_brush_04
units/pd2_dlc_mad/nature/mad_foliage/mad_veg_winter_bush/mad_veg_winter_bush_brush_07
units/payday2/brushes/bushes/bush_01_big
units/pd2_dlc_mad/nature/mad_foliage/mad_veg_winter_bush/mad_veg_winter_bush_brush_01
units/world/brushes/bank_papers/bank_papers_2
units/payday2/brushes/str_brush_trash/str_brush_trash_04
units/world/brushes/grafitti/grafitti_tag_4
units/pd2_dlc1/brushes/eus_veg_grass_weed/eus_veg_grass_weed_a
units/world/brushes/tags/brush_tags_anssvd
units/world/brushes/bridge_small_debris/brush_tire5
units/world/brushes/card_deck/card
units/world/vegetation/jungle/brushes/brush_tallgrass_lp_dead
units/world/brushes/grafitti/brush_poster_01
units/payday2/brushes/bushes/bush_02
units/world/architecture/secret_stash/brushes/secret_stash_brush_rubble_6
units/world/brushes/grass/grass_4x4
units/world/brushes/tags/brush_tags_balzano
units/pd2_dlc_mad/nature/mad_rocks/mad_rock_small_snowy_brush
units/world/vegetation/brushes/train/tra_brush_garbage/tra_brush_garabage_ticket
units/payday2/brushes/bushes/bush_02_big
units/world/architecture/secret_stash/brushes/secret_stash_brush_rubble_7
units/pd2_dlc_spa/brushes/graffiti/spa_props_graffiti_brush_ycone
units/payday2/nature/pnau/pnau_brush/pnau_brush_fern/pnau_brush_fern_small
units/world/vegetation/forest/zones/forest/brushes/fst_brush_flower_02/fst_brush_flower_02
units/payday2/nature/pnau/pnau_brush/pnau_brush_shroom/pnau_brush_shroom_01
units/world/brushes/bridge_small_debris/brush_asphalt5
units/payday2/nature/pnau/pnau_brush/pnau_brush_grass/pnau_brush_grass_4
units/world/props/moneyprinter/money_brush1
units/world/vegetation/forest/zones/forest/brushes/fst_brush_flower_03/fst_brush_flower_03
units/world/vegetation/forest/zones/forest/brushes/fst_brush_flower_01/fst_brush_flower_01
units/world/vegetation/forest/vegetation/vegetation_brush_grass_2/vegetation_brush_grass_2
units/world/architecture/secret_stash/brushes/secret_stash_brush_rubble_11
units/world/brushes/brush_guts/brush_guts_4
units/world/brushes/tags/brush_tags_bice
units/world/vegetation/jungle/brushes/brush_tallgrass_lp_medium
units/world/vegetation/forest/zones/forest/brushes/fst_brush_bush_03/fst_brush_bush_03
units/world/vegetation/forest/zones/forest/brushes/fst_brush_mushrooms_01/fst_brush_mushrooms_01
units/world/brushes/litter/litter_buds
units/world/brushes/grafitti/grafitti_tag_3
units/world/vegetation/jungle/brushes/brush_grass_dry_02
units/world/vegetation/forest/zones/forest/brushes/fst_brush_bush_04/fst_brush_bush_04
units/payday2/brushes/flower_missouriensis/flower_missouriensis
units/payday2/nature/pnau/pnau_stone/pnau_brush_stone_small_02
units/payday2/brushes/str_brush_trash/str_brush_trash_05
units/payday2/nature/pnau/pnau_brush/pnau_brush_foliage_mini/pnau_brush_foliage_mini_f_03
units/world/brushes/bridge_small_debris/brush_metalbar3
units/world/brushes/bridge_small_debris/brush_asphalt2
units/world/brushes/100_dollar_bill/100_dollar_bill_01
units/world/vegetation/brushes/train/tra_brush_garbage/tra_brush_garabage_cup
units/world/props/moneyprinter/money_brush4
units/world/vegetation/forest/zones/forest/brushes/fst_leaves_01/fst_leaves_01
units/world/vegetation/forest/zones/forest/brushes/fst_brush_flower_04/fst_brush_flower_04
units/payday2/brushes/shoe_marks/shoe_marks_02
units/pd2_dlc1/vegetation/str_veg_grass_reed/str_brush_grass_reed_02_b
units/world/brushes/bridge_small_debris/brush_metalbar1
units/world/brushes/100_dollar_bill/100_dollar_bill_04
units/world/brushes/silverware/fork
units/world/architecture/secret_stash/brushes/secret_stash_brush_rubble_2
units/world/vegetation/brushes/train/tra_brush_garbage/tra_brush_garabage_aluminiumfoi
units/world/architecture/secret_stash/brushes/secret_stash_brush_rubble_1
units/payday2/brushes/flower_hosta_fortunei/flower_hosta_fortunei
units/world/brushes/tags/brush_tags_ivan
units/world/brushes/grafitti/brush_poster_09
units/payday2/nature/pnau/pnau_brush/pnau_brush_leafs/pnau_brush_leafs_01_a
units/world/vegetation/jungle/brushes/brush_grass_02
units/world/architecture/secret_stash/brushes/secret_stash_brush_rubble_10
units/world/vegetation/forest/zones/forest/brushes/fst_brush_mushrooms_03/fst_brush_mushrooms_03
units/world/brushes/soot/soot_1
units/world/brushes/bridge_small_debris/brush_asphalt1
units/world/brushes/bridge_small_debris/brush_metalbar2
units/world/brushes/bridge_small_debris/brush_plate2
units/world/brushes/bridge_small_debris/brush_tire2
units/world/brushes/bridge_small_debris/brush_tire3
units/world/brushes/brush_guts/brush_guts_2
units/world/brushes/card_deck/card_deck
units/world/brushes/container_logos/logo_04
units/world/brushes/grafitti/brush_poster_04
units/world/brushes/grafitti/brush_poster_05
units/world/brushes/grafitti/brush_poster_07
units/world/brushes/grafitti/brush_poster_11
units/world/brushes/grafitti/grafitti_tag_5
units/world/brushes/litter/litter_big
units/world/brushes/skidmark/skidmark_curve_tight
units/world/brushes/skidmark/skidmark_straight
units/world/brushes/street_texts/brush_text_01
units/world/brushes/street_texts/ghostsign_04
units/world/brushes/tags/brush_tags_blom
units/world/brushes/bridge_small_debris/brush_plate3
units/world/brushes/tags/brush_tags_kandis_waow
units/world/brushes/tags/brush_tags_tecci_b
units/world/brushes/trash/trash_brush_05
units/payday2/nature/pnau/pnau_brush/pnau_brush_grass/pnau_brush_grass_5a
units/world/brushes/tags/brush_tags_2x1_01
units/payday2/nature/pnau/pnau_brush/pnau_brush_grass/pnau_brush_grass_3_small
units/world/brushes/container_logos/logo_01
units/world/vegetation/forest/vegetation/vegetation_brush_grass_3/vegetation_brush_grass_3
units/payday2/nature/pnau/pnau_brush/pnau_brush_grass/pnau_brush_grass_3
units/world/props/diamond_heist/party/confetti_brush_3
units/payday2/nature/pnau/pnau_brush/pnau_brush_rock/pnau_brush_rock_01_c
units/payday2/nature/pnau/pnau_brush/pnau_brush_rock/pnau_brush_rock_01_h
units/world/props/moneyprinter/money_brush2
units/world/props/moneyprinter/money_brush5
units/payday2/nature/pnau/pnau_brush/pnau_brush_ganja/pnau_brush_ganja_01_b
units/payday2/nature/pnau/pnau_brush/pnau_brush_foliage_mini/pnau_brush_foliage_mini_e_01
units/pd2_dlc_mad/nature/mad_foliage/mad_veg_winter_bush/mad_veg_winter_bush_brush_08
units/world/brushes/grafitti/brush_poster_10
units/payday2/nature/pnau/pnau_brush/pnau_brush_grass/pnau_brush_grass_3_flat
units/world/brushes/bank_papers/bank_paper_pile_2
units/world/vegetation/forest/zones/forest/brushes/fst_brush_flower_05/fst_brush_flower_05
units/payday2/brushes/bushes/bush_06_small
units/world/vegetation/forest/zones/forest/brushes/fst_brush_bush_02/fst_brush_bush_02
units/world/brushes/trash/trash_brush_01
units/world/vegetation/brushes/train/tra_brush_garbage/tra_brush_garabage_crumbledpaperplate
units/world/vegetation/forest/vegetation/vegetation_brush_grass_2_small/vegetation_brush_grass_2_small
units/world/vegetation/forest/vegetation/vegetation_brush_grass_3_small/vegetation_brush_grass_3_small
units/world/vegetation/forest/vegetation/vegetation_brush_grass_4/vegetation_brush_grass_4
units/world/vegetation/jungle/brushes/brush_grass_03
units/world/vegetation/jungle/brushes/brush_tallgrass_small
units/world/vegetation/forest/zones/forest/brushes/fst_brush_grass_02/fst_brush_grass_02
units/world/vegetation/forest/zones/forest/brushes/fst_brush_bush_05/fst_brush_bush_05
units/world/props/diamond_heist/party/confetti_brush_1
units/payday2/nature/pnau/pnau_brush/pnau_brush_grass/pnau_brush_grass_2
units/world/brushes/cocaine/cokeplane_medium
units/payday2/nature/pnau/pnau_brush/pnau_brush_rock/pnau_brush_rock_01_g
units/payday2/nature/pnau/pnau_brush/pnau_brush_rock/pnau_brush_rock_01_a
units/world/vegetation/brushes/train/tra_brush_garbage/tra_brush_garabage_schedule
units/payday2/brushes/bushes/bush_04_small
units/payday2/brushes/bushes/bush_04_big
units/payday2/nature/pnau/pnau_brush/pnau_brush_grass/pnau_brush_grass_5b
units/payday2/nature/pnau/pnau_brush/pnau_brush_grass/pnau_brush_grass_2_small
units/world/brushes/street_texts/ghostsign_01
units/world/vegetation/jungle/brushes/brush_tallgrass_medium
units/world/architecture/secret_stash/brushes/secret_stash_brush_rubble_8
units/world/brushes/grafitti/brush_poster_08
units/world/brushes/bridge_small_debris/brush_asphalt4
units/world/brushes/grafitti/grafitti_tag_2
units/payday2/nature/pnau/pnau_stone/pnau_brush_stone_small_03
units/pd2_dlc1/vegetation/str_veg_grass_reed/str_brush_grass_reed_01_b
units/world/brushes/skidmark/skidmark_scurve
units/pd2_dlc_mad/nature/mad_foliage/mad_veg_winter_bush/mad_veg_winter_bush_brush_02
units/world/vegetation/jungle/brushes/brush_tallgrass_lp_tall
units/payday2/nature/pnau/pnau_stone/pnau_brush_stone_small_01
units/payday2/nature/pnau/pnau_brush/pnau_brush_foliage_mini/pnau_brush_foliage_mini_f_04
units/payday2/brushes/bushes/bush_03_big
units/payday2/brushes/bushes/bush_06_big
units/world/vegetation/jungle/brushes/brush_grass_01
units/payday2/brushes/ind_brush_concrete_debris/ind_brush_concrete_debris_c
units/world/brushes/grafitti/brush_poster_03
units/world/vegetation/brushes/train/tra_brush_garbage/tra_brush_garabage_pocketbook
units/world/brushes/tags/brush_tags_ilija
units/world/brushes/bank_papers/bank_paper_pile_1
units/world/brushes/bridge_small_debris/brush_plate4
units/world/brushes/street_texts/ghostsign_05
units/world/brushes/postits/post_its_03
units/payday2/nature/pnau/pnau_brush/pnau_brush_leafs/pnau_brush_leafs_01_b
units/payday2/brushes/bushes/bush_01
units/pd2_dlc_dinner/brushes/din_blood/din_blood_04
units/pd2_dlc1/brushes/eus_veg_grass_weed/eus_veg_grass_weed_b
units/world/architecture/secret_stash/brushes/secret_stash_brush_rubble_9
units/pd2_dlc_spa/brushes/graffiti/spa_props_graffiti_brush_eye
units/world/vegetation/forest/zones/forest/brushes/fst_brush_mushrooms_04/fst_brush_mushrooms_04
units/payday2/nature/pnau/pnau_brush/pnau_brush_fern/pnau_brush_fern_large
units/world/brushes/concrete_debris/concrete_debris
units/world/brushes/brush_guts/brush_guts_3
units/world/vegetation/forest/zones/forest/brushes/fst_brush_bush_06/fst_brush_bush_06
units/world/brushes/100_dollar_bill/100_dollar_bill_05
units/payday2/nature/pnau/pnau_brush/pnau_brush_grass/pnau_brush_grass_5d
units/payday2/brushes/bushes/bush_05_small
units/pd2_dlc_dinner/brushes/din_blood/din_blood_02
units/world/brushes/tags/brush_tags_was_here
units/world/brushes/100_dollar_bill/100_dollar_bill_06
units/world/vegetation/jungle/brushes/brush_grass_dry_03
units/world/vegetation/jungle/brushes/brush_grass_01_far
units/world/brushes/bridge_small_debris/brush_tire1
units/world/brushes/grafitti/brush_poster_12
units/world/brushes/grafitti/brush_poster_02
units/world/brushes/desk_pencil/desk_pencils_01
units/world/vegetation/forest/zones/forest/brushes/fst_brush_flower_06/fst_brush_flower_06
units/world/vegetation/jungle/brushes/brush_tallgrass_wall